text;label
"La Pensi�n Garantizada Universal (PGU) es un beneficio del Estado que reemplaza a los beneficios de vejez del Pilar Solidario, cuyo pago mensual est� a cargo del Instituto de Previsi�n Social (IPS).
El monto de este beneficio asciende a un m�ximo de $206.173.
Desde el 1 abril de 2023, se modifica un requisito de focalizaci�n, es decir, se eval�a que la persona no integre un grupo familiar perteneciente al 10% m�s rico de la poblaci�n total del pa�s.
Para m�s detalles, revise m�s informaci�n, las preguntas frecuentes y c�mo se aplican los descuentos a la PGU y a su pensi�n de AFP o compa��a de seguros.
A quien va dirigido?
A contar del 1 de abril de 2023, todas las personas que:

Tengan 65 a�os o m�s de edad.
No integren el 10% m�s rico de la poblaci�n. 
Acrediten residencia en el territorio de la Rep�blica de Chile en estos dos casos:
Un per�odo no inferior a 20 a�os continuos o discontinuos, desde que la o el solicitante haya cumplido 20 a�os de edad.
Un lapso no inferior a cuatro a�os de residencia en los �ltimos cinco a�os inmediatamente anteriores a la fecha de presentaci�n de la solicitud para acogerse al beneficio de PGU.
Cuenten con una pensi�n base menor a $1.114.446 (monto de la pensi�n superior), determinada por la Pensi�n Autofinanciada de Referencia (PAFE) de PGU.
Importante:

En el proceso de evaluaci�n de requisitos para acceder a la PGU, la ley considera un instrumento de medici�n espec�fico para este beneficio, con el fin de determinar, a trav�s de un puntaje, si la persona integra un grupo familiar perteneciente al 10% m�s rico de la poblaci�n de 65 a�os y m�s. En el an�lisis se incluye (aparte de algunos datos del Registro Social de Hogares) diversa informaci�n de ingresos y necesidades de los integrantes de ese grupo. 
Pueden acceder a la PGU todas las personas que cumplan los requisitos, independientemente de que contin�en trabajando o de que reciban una pensi�n de alg�n r�gimen previsional (sea de capitalizaci�n individual o del antiguo sistema, con la excepci�n de las pensiones de Capredena y Dipreca).
Las personas con pensiones de reparaci�n (leyes Rettig y Valech o como exonerado pol�tico) excepcionalmente podr�an acceder a la PGU, porque:
Cumple con los dem�s requisitos, por lo que el monto a recibir se calcula restando al monto de la PGU el valor de la pensi�n de reparaci�n estatal que ya recibe (aunque, generalmente, casi siempre da como resultado un monto cero y por eso no suelen recibir este beneficio).
En los casos excepcionales en que la pensi�n reparatoria resulte menor que el monto de la PGU, la persona solo tendr�a derecho a recibir lo que quede del beneficio solidario despu�s de restarle el monto de la pensi�n especial que ya recibe.
Principales personas beneficiarias de la ley de PGU:

Grupo	Detalles
Potenciales beneficiarios y beneficiarias de APSV  y PBSV.	
Hasta el 31 de julio de 2022, reciben PGU las personas que lo solicitaron y que cumpl�an con los requisitos del antiguo Pilar Solidario.
Desde agosto de 2022, el IPS le otorga la PGU a quienes la solicitaron, pero que no cumpl�an con los requisitos del antiguo Pilar Solidario (sin necesidad de nueva solicitud) y a quienes cumplen los requisitos establecidos en la Ley de PGU.
Desde abril de 2023, se ampl�a el universo a quienes no pertenezcan al 10% m�s rico del pa�s.
Beneficiarios y beneficiarias de PBSI y APSI (no se reemplazan por la PGU).	A contar de febrero de 2022 se aumenta la cobertura de acceso y se incrementa el monto de la de la PBSI al de PGU; y de APSI, hasta alcanzar una pensi�n de invalidez igual a dicha suma, sin necesidad de ninguna solicitud adicional. La responsabilidad del pago se mantiene a cargo de las mismas entidades pagadoras.
Pensionados y pensionadas de AFP y beneficiarios de APSV que reciben una Pensi�n Final Garantizada mayor que la PGU con retiro programado.	Desde mayo de 2022, el IPS le asigna, informadamente, el beneficio de mayor monto (entre la PGU y el APSV) a sus beneficiarios, con derecho a revertir dicha asignaci�n, por una sola vez, hasta abril de 2023.
Beneficiarios y beneficiarias actuales de vejez del antiguo Pilar Solidario: PBSV y APSV, excepto los que reciben Pensi�n Final Garantizada mayor que el monto de la PGU.	Desde febrero de 2022 son traspasados autom�ticamente a la PGU sin hacer ning�n tr�mite adicional. La PBSV es reemplazada por la PGU y el APSV, seg�n corresponda, por el valor de la PGU.
Detalles:
Para quienes tengan una pensi�n base menor o igual a $702.101 mensuales, el monto de la PGU ascender� a $206.173; mientras que para quienes tengan una pensi�n base mayor (calculada seg�n su PAFE inicial) a $702.101, pero menor a $1.114.446, el monto de la PGU ser� variable:

La PGU reajusta sus valores en febrero de cada a�o.

Importante: para las personas pensionadas de AFP (retiro programado) con APSV, que reciben una Pensi�n Final Garantizada de monto mayor a la PGU, desde mayo de 2022 el IPS les asigna, informadamente, al beneficio que resulta de mayor monto, comparando entre la PGU y el APSV, con derecho a revertir dicha asignaci�n, por una sola vez, hasta abril de 2023.

_____________________

Complemento al trabajo pesado: �tienen derecho a PGU los trabajadores y trabajadoras que se acogen a la pensi�n de vejez anticipada?

S�, pero seg�n el art�culo 13 de la Ley N� 21.419, estos pensionados nunca acceden a la totalidad del monto de la PGU, sino que a un derecho a un complemento del beneficio, siempre que cumplan con:

Haberse pensionado anticipadamente por trabajo pesado, haciendo efectiva la rebaja de edad (respecto de los 65 o 60 a�os, seg�n sea el caso).
Recibir una pensi�n o la suma de pensiones en el sistema del DL N� 3.500 y de un monto inferior al monto de la PGU.
La focalizaci�n y la residencia del art�culo 10 de la Ley N� 21.419.
El derecho al complemento de PGU, en estos casos:

Se adquiere desde la edad que resulte de restar a 65 (para hombres y mujeres), el n�mero de a�os de rebaja de edad legal a que haya tenido derecho de acuerdo con lo citado (por debajo de 65 o 60 a�os, seg�n el caso).
Se paga hasta el �ltimo d�a del mes en que la persona cumple 65 a�os, fecha en la cual, autom�ticamente, el IPS debe verificar todos los requisitos para que estas personas reciban la totalidad de la PGU a partir de la fecha citada.
Al complemento de PGU se le aplican las normas de reajustabilidad, extinci�n y suspensi�n aplicables a la PGU del r�gimen general. Solo la edad como requisito se flexibiliza, de acuerdo con lo ya se�alado.
El monto corresponde a la diferencia entre el monto de la PGU y la suma de pensiones que la persona se encuentre recibiendo en el sistema del DL N� 3.500 (es lo que se llama �complemento�). Si dicha suma es mayor a la PGU, a�n cuando la persona cumpla con los requisitos, no recibir� complemento alguno.
";Jubilaci�n
"Descripci�n
Permite acreditar el nombre, RUN, fecha de nacimiento, sexo y nombre de los padres de una persona nacida en Chile, y tambi�n el RUN de sus padres.

El certificado est� disponible durante todo el a�o en el sitio web y en oficinas del Registro Civil. Tambi�n puede solicitarlo en sucursales ChileAtiende.
 Si necesita presentar este documento en el extranjero, puede apostillarlo en l�nea, marcando la opci�n ""S�, apostillar"" y seleccionando el pa�s donde presentar� el certificado.
A quien va dirigido?
Todas las personas que requieran presentar el documento ante alguna entidad, para lo cual deben conocer su RUN.";Certificados
"Descripci�n
Es una herramienta que permite a los trabajadores y trabajadoras buscar en l�nea nuevas oportunidades laborales (p�blicas y privadas), adem�s de:

Gestionar autom�ticamente su curr�culum, trayectoria laboral y capacitaciones.
Certificar sus competencias laborales, a trav�s de ChileValora.
Acceder a ofertas de capacitaci�n de Sence.
Calendarizar las entrevistas.
Obtener la certificaci�n online para acceder al Fondo de Cesant�a Solidario.
Recibir SMS (mensajes de texto) cuando el perfil de una oferta de trabajo o capacitaci�n coincide o es compatible con su curr�culum.
Los empleadores y empleadoras pueden publicar ofertas de trabajo, y buscar postulantes, cuyo curr�culum se ajuste a las necesidades de la empresa.

Adicionalmente, la plataforma re�ne la oferta de pr�cticas profesionales dirigida a empresas y establecimientos de educaci�n media t�cnico-profesional (incluyendo a los egresados y egresadas).

La inscripci�n a la Bolsa Nacional de Empleo (BNE) se puede realizar en el sitio web de la BNE y en las Oficinas Municipales de Informaci�n Laboral (OMIL).
Detalles:
Las personas que se encuentren cesantes y desean acceder a las prestaciones que otorga la Bolsa Nacional de Empleo con cargo al Fondo de Cesant�a Solidario, tienen que:
 
Ir a la Administradora de Fondos de Cesant�a (AFC) para optar al seguro con cargo al Fondo de Cesant�a Solidario (FCS). 
Inscribirse en la BNE (ver paso a paso). Si al momento de registrarse sus datos a�n no est�n disponibles en la bolsa de trabajo, espere hasta el d�a siguiente, y si el problema persiste, cont�ctese con la mesa de ayuda:
Tel�fono: +56 2 22405 52 00.
Correo electr�nico: soporte@bne.cl.
Certificar que se encuentra en la b�squeda efectiva de empleo (art�culo 28� de la Ley N� 19.728), lo que implica:
Postular a las ofertas de trabajo, informadas por la Bolsa Nacional de Empleo.
Asistir a las entrevistas intermediadas por la BNE.
No rechazar las ofertas de trabajo, cursos o becas de capacitaci�n disponibles.";Trabajo y Cesantia
"Descripci�n
El Acuerdo de Uni�n Civil es una ley que permite que dos personas que conviven o deciden vivir juntas puedan celebrar un contrato con el fin de regularizar los aspectos jur�dicos propios de una vida afectiva en com�n, de car�cter estable y permanente.

�Qui�n puede acceder?:
Este acuerdo puede ser celebrado por dos personas naturales, de igual o distinto sexo, que cumplan los siguientes requisitos:

Ser mayores de 18 a�os.
Tener libre administraci�n de sus bienes.
Mantener una vida afectiva en com�n.
Haber decidido celebrar el acuerdo libre y espont�neamente.

No pueden acceder al acuerdo:
No pueden celebrar un Acuerdo de Uni�n Civil:

Familiares por consanguinidad: padres, madres, hijos, nietos, abuelos, hermanos, entre otros.
Familiares por afinidad: esta relaci�n existe entre alguien que est� o ha estado casado y los parientes de su c�nyuge (suegros, yernos, nueras, cu�adas).
Quienes est�n casados o tengan un Acuerdo de Uni�n Civil vigente con otra persona.
Costo:
La solicitud de reserva de hora para la celebraci�n de los Acuerdos de Uni�n Civil no tiene costo.

La celebraci�n del Acuerdo de Uni�n Civil tiene los siguientes valores, los cuales deben ser pagados a momento de solicitar la reserva de hora.

Acuerdo de Uni�n Civil celebrado en oficina del Registro Civil y en horario de oficina: $1.680.
Celebrado en domicilio: 32 mil 520 pesos.
Libreta de AUC: $1.680";Pareja y Familia
"Descripci�n
Permite a los trabajadores y trabajadoras dependientes e independientes, y las personas jubiladas y carentes de recursos, formar parte del sistema p�blico de salud. 

Tanto ellos como sus cargas legales (c�nyuge, hijos, hijas o quien cumpla los requisitos) tienen derecho a acceder a prestaciones m�dicas en la red p�blica o privada de salud.

Las personas que se afilian a Fonasa deben cotizar mensualmente el 7% de su sueldo imponible, cuyo tope legal es de 81,7 Unidades de Fomento (UF), y no pueden pertenecer a otro sistema de salud (Isapres, Capredena o Dipreca), ya que ambos sistemas son incompatibles (excepto quienes pertenezcan a un programa de reparaci�n, como es el caso de PRAIS).

Importante: revisa toda la informaci�n que debes conocer si deseas cambiarte de una Isapre a Fonasa.

Con el copago cero de Fonasa las personas usuarias pueden acceder gratuitamente a las atenciones en el sistema p�blico de salud: AUGE/GES, urgencias que requieren hospitalizaci�n, medicamentos, pr�tesis, tratamientos odontol�gicos y de salud mental, programas especiales (cirug�a bari�trica, fertilizaci�n in vitro), entre otros.
Las personas que no reciben ingresos deben acreditar su condici�n en el consultorio que corresponda a su domicilio o a trav�s del sitio web de Fonasa.
La afiliaci�n se puede solicitar durante todo el a�o en l�nea, en las sucursales de Fonasa y ChileAtiende, y a trav�s de la Sucursal Virtual (Videoatenci�n).
A quien va dirigido?:
Trabajadores y trabajadoras dependientes.
Trabajadores y trabajadoras por temporada.
Trabajadores y trabajadoras reci�n contratados. 
Trabajadores y trabajadoras independientes.
Pensionados y pensionadas.
Carentes de recursos (tramo A).
Beneficiarios y beneficiarias del Subsidio Familiar (SUF).
Beneficiarios y beneficiarias de la Pensi�n B�sica Solidaria (PBS) de Invalidez o Vejez.
Embarazadas, y ni�os y ni�as hasta los seis a�os de edad.
Los ni�os y ni�as reci�n nacidos y hasta los seis a�os de edad tambi�n tienen derecho a los controles de salud especificados en los programas del Ministerio de Salud (MINSAL). 
Personas incluidas en el Programa de Reparaci�n y Ayuda Integral en Salud y Derechos (PRAIS).
Chilenos, chilenas, extranjeras y extranjeros beneficiarios de los convenios internacionales que protegen a los pensionados cotizantes y a su grupo familiar. Para hacer efectivo este beneficio, las personas tienen que acudir a la Superintendencia de Pensiones (SP) para solicitar el documento que deben presentar en cualquier sucursal de Fonasa.
Extranjeros y extranjeras incluidos en el convenio refugiados.
Extranjeros y extranjeras irregulares o sin documentos.
Funcionarios y funcionarias del sector de salud.
Detalles:
Importante:

La atenci�n de embarazadas, y ni�os y ni�as de hasta seis a�os, se hace efectiva al inscribirse en el consultorio correspondiente al domicilio, lo que permite acceder a atenci�n m�dica de forma gratuita.  
Para los usuarios y usuarias del Seguro de Desempleo y Subsidio de Cesant�a, su acreditaci�n ser� centralizada, a menos que deban acreditar cargas que ya estaban autorizadas antes de perder el empleo, o estuvieron afiliados a una Isapre.
Los beneficiarios y beneficiarias de convenios internacionales deben solicitar la afiliaci�n en cualquier sucursal de Fonasa.";Salud
"Descripci�n
Permite a los chilenos y chilenas que se encuentran en el exterior bloquear su pasaporte en caso de extrav�o, hurto o robo. De esta forma, se exime de responsabilidad al titular ante cualquier mal uso del documento por parte de un tercero.

El bloqueo definitivo del pasaporte debe realizarse en forma presencial en los consultados que tienen sistema de captura en l�nea (se except�an los consulados honorarios). 
El bloqueo temporal se realiza en el sitio web y call center del Registro Civil.
El tr�mite se puede realizar durante todo el a�o en el consulado chileno respectivo.
A quien va dirigido:
Chilenos y chilenas que extraviaron su pasaporte en el extranjero.";Chilenos en extranjero
"Descripci�n
Es un sistema que busca promover h�bitos y estilos de vida saludables para mejorar la calidad de vida, a trav�s de iniciativas que fomenten los siguientes pilares:

Alimentaci�n saludable.
Actividad f�sica.
Vida al aire libre.
Vida en familia
Visita el sitio web ""Elige vivir sano"".

Pilares del sistema
""Elige Vivir Sano� cuenta con cuatro ejes claves dentro de su implementaci�n:

Alimentaci�n saludable: promoci�n de la educaci�n en aquellos h�bitos alimentarios tendientes a mejorar la nutrici�n integral y la disminuci�n del sobrepeso.
Actividad f�sica: aquellas que fomenten el ejercicio y la actividad f�sica como elementos fundamentales de la salud y el bienestar.
Vida en familia: aquellas tendientes a fortalecer las familias y que facilitan el desarrollo de actividades dirigidas al esparcimiento y al ejercicio de disciplinas l�dicas o deportivas.
Vida al aire libre: promoci�n de los beneficios que tiene la realizaci�n de acciones en las cuales exista contacto con la naturaleza.
Fomento de la vida saludable
El sistema promueve acciones de autocuidado para que los ciudadanos aprendan a optar por decisiones saludables, e incorporarlas a las pr�cticas cotidianas, adem�s de medidas de informaci�n para difundir el desarrollo de h�bitos y pr�cticas de vida sana.

Adicionalmente, pone a disposici�n de las personas la siguiente informaci�n:

Recetas saludables.
Calculadora de �ndice de Masa Corporal (IMC).
Calculadora de calor�as.";Deporte
"Tramitaci�n de licencias m�dicas en la COMPIN (solo asegurados de Fonasa)
Acceder a salud p�blica
Revisa m�s sobre
Acceder a salud p�blica
�D�nde realizar este tr�mite?
No disponibleSucursales ChileAtiendeDisponibleCorreo electr�nico de la COMPIN
�ltima actualizaci�n: 22 de junio, 2023
A+ A-
Descripci�n
Permite a los empleadores y empleadoras del sector p�blico y privado, y a los trabajadores y trabajadoras independientes, cumplir con la obligaci�n de entregar el formulario en papel de la licencia m�dica a la Comisi�n de Medicina Preventiva e Invalidez (COMPIN), para que emita su pronunciamiento m�dico, y determine el derecho al subsidio y el respectivo monto, en los casos que corresponda. 

Los trabajadores y trabajadoras que tienen licencias m�dicas emitidas a trav�s de un medio electr�nico no necesitan entregar la copia del documento a la COMPIN. 

Importante:

Este tr�mite solo aplica para las personas usuarias del Fondo Nacional de Salud (Fonasa), ya que las trabajadoras y trabajadores afiliados a una Isapre deben presentar la licencia m�dica en la entidad respectiva.
Los trabajadores y trabajadoras que est�n afiliados al Instituto de Seguridad Laboral (ISL) y su licencia m�dica es tipo 5 (accidente laboral o de trayecto) o tipo 6 (enfermedad profesional) deben gestionarla directamente en esta instituci�n p�blica.
Los trabajadores dependientes e independientes que tengan el formulario en papel de la licencia m�dica deben enviarla (junto a los antecedentes complementarios) por correo electr�nico a la COMPIN.
A quien va dirigido:
Empleadores y empleadoras del sector p�blico y privado, cuyos trabajadores y trabajadoras pertenecen al Fondo Nacional de Salud (Fonasa).
Trabajadoras y trabajadores independientes que forman parte del Fondo Nacional de Salud (Fonasa). 
Detalles:
Plazos que tienen los trabajadores y trabajadoras para entregar la licencia m�dica a sus empleadores o empleadoras:

Trabajador del sector privado: dos d�as h�biles contados desde el inicio de la licencia m�dica.
Trabajador del sector p�blico: tres d�as h�biles contados desde el inicio de la licencia m�dica. 
Importante: si la licencia emitida por la o el m�dico es electr�nica, y la empleadora o empleador est� adscrito a un sistema en l�nea, el trabajador o trabajadora dependiente no deber� gestionar el env�o del formulario a su trabajo ni considerar los plazos descritos anteriormente. 

Plazo que tienen los trabajadores y trabajadoras independientes para entregar la licencia m�dica a la COMPIN: dos d�as h�biles siguientes a la emisi�n de la licencia m�dica.

Plazo que tienen los empleadores y empleadoras para entregar la licencia a la COMPIN: tres d�as h�biles siguientes a la fecha de recepci�n de la licencia m�dica.

";Previsi�n y seguridad laboral
"Descripci�n
El Subsidio de Discapacidad para personas menores de 18 a�os es un aporte monetario mensual de $103.086 y se entrega a todos aquellos menores de edad que est�n en situaci�n de discapacidad mental, o bien, f�sica o sensorial severa, y que sean de escasos recursos.

Este monto se reajusta, autom�ticamente, en febrero de cada a�o, en el 100% de la variaci�n del IPC de los �ltimos 12 meses, contados desde el �ltimo reajuste.

Revise m�s informaci�n.

Desde agosto de 2022, el monto del Subsidio de Discapacidad aument� de valor (quedando en el 50% de la PGU) y en cobertura.
Las personas beneficiarias de este subsidio tienen derecho a asistencia m�dica gratuita en establecimientos p�blicos.
El Subsidio de Discapacidad mental, discapacidad f�sica y sensorial severa se puede solicitar en la web y sucursales ChileAtiende, adem�s de las municipalidades en convenio con IPS.
A quien va dirigido:
Las personas menores de 18 a�os que presenten discapacidad mental, f�sica o sensorial severa, por intermedio de las personas que los representen o de las instituciones o personas que los tengan a su cargo, y que cumplan los siguientes requisitos:

Est�n dentro del 60% m�s vulnerable de la poblaci�n, seg�n la clasificaci�n socioecon�mica del Registro Social de Hogares (RSH).
Tengan residencia continua en el pa�s de, a lo menos, tres a�os inmediatamente anteriores a la fecha en que se haga la solicitud.
Resoluci�n de la Comisi�n de Medicina Preventiva e Invalidez (COMPIN) o, seg�n el caso, el certificado o credencial del Registro Nacional de Discapacidad del SRCeI que certifique:
Una discapacidad mental, f�sica o sensorial de, al menos, un 50% (severa o profunda), que se encuentre vigente.
Una discapacidad mental, acreditada de acuerdo con a la Ley N� 18.600.
Importante:

Las personas que reciben este subsidio ser�n, desde los 17 a�os con 6 meses, evaluadas por el IPS, con el prop�sito de verificar el cumplimiento de los requisitos para que puedan acceder a la Pensi�n B�sica Solidaria de Invalidez (PBSI) a contar de la fecha en que cumplan 18 a�os, y aseguren la continuidad en la percepci�n de los beneficios que les concede el Estado.
Si la discapacidad debe ser reevaluada:
En la fecha que determina el documento, las personas deben tener presente que, para acceder al subsidio o continuar con el cobro del beneficio, es esencial que la COMPIN realice la reevaluaci�n correspondiente, lo que debe acreditarse ante el IPS mediante la respectiva resoluci�n, certificado o credencial.
Y no se encuentra vigente a la fecha en que el IPS revise el cumplimiento del requisito, se rechazar� la solicitud. En este caso, siempre es posible proceder a la reevaluaci�n y volver a solicitar el beneficio con documentos de discapacidad vigentes (los plazos de concesi�n y cobro se cuentan desde la �ltima solicitud).
Si a una persona se le rechaza la postulaci�n al subsidio, puede recurrir a la Superintendencia de Seguridad Social (SUSESO) para interponer un recurso de reposici�n.";Discapacidad
"
Descripci�n
Este es un aporte temporal que entrega el Estado a familias que pueden realizar un pago mensual por el arriendo de una vivienda. Las familias beneficiadas reciben un subsidio total de 170 Unidades de Fomento (UF), el cual se entrega de manera mensual con un tope de 4,2 UF, el que podr� ser utilizado de manera consecutiva o fragmentada en un plazo m�ximo de 8 a�os.

El valor m�ximo del arriendo de la vivienda no podr� superar las 11 UF. Sin embargo, el monto m�ximo del subsidio y del arriendo pueden variar seg�n la localizaci�n geogr�fica de la comuna en que se encuentra la vivienda. Para este llamado, el monto m�ximo de arriendo ser� de 13 UF para todas las comunas de las regiones de Arica y Parinacota, Tarapac�, Antofagasta, Atacama, Metropolitana, Ays�n y Magallanes. En estos casos el aporte mensual ser� de 4,9 UF. 

Para postular debe acreditar un ahorro m�nimo de 4 UF.
Postulaci�n: finaliz� el 14 de julio de 2023.
Revise los resultados del primer cierre parcial de postulaciones ingresadas entre el 21 de marzo y 15 de mayo de 2023.
A quien va dirigido:
Familias allegadas, o que actualmente son arrendatarias, que necesiten una soluci�n habitacional por un tiempo determinado (8 a�os como m�ximo), que puedan pagar un arriendo y que cumplan con los siguientes requisitos:

Tener m�nimo 18 a�os de edad.
Contar con c�dula nacional de identidad vigente. Las personas extranjeras deben presentar c�dula de identidad para extranjeros vigente.
Postular al menos con su c�nyuge, conviviente civil, conviviente o hijo. Las personas que tengan m�s de 60 a�os al momento de postular no necesitan contar con n�cleo familiar.
Estar inscrito en el Registro Social de Hogares (RSH) y no superar el tramo de calificaci�n socioecon�mica del 70%.
Acreditar un ahorro m�nimo de 4 UF en una cuenta de ahorro para la vivienda, la que debe tener al menos un mes de antig�edad al momento de postular y debe estar a nombre del postulante, c�nyuge o conviviente civil. El ahorro m�nimo tiene que estar depositado a m�s tardar el mes anterior a la postulaci�n.
Contar con un ingreso familiar entre 7 UF y 25 UF. Por cada integrante familiar que excede de tres, el ingreso m�ximo mensual familiar aumentar� en 8 UF.
Detalles:
Las familias beneficiarias deber�n pagar mensualmente una parte del valor del arriendo de la vivienda, ya que la diferencia ser� cubierta con el subsidio obtenido.
Este aporte permite el cambio de vivienda a cualquier regi�n del pa�s y postular, en un futuro, a un subsidio para comprar una vivienda.
";Vivienda
"Descripci�n
Permite constituir una empresa en un d�a, de manera sencilla y sin costo. Para ello, debes completar un formulario electr�nico con los datos de la sociedad y la informaci�n de los socios y socias que la integran, quienes podr�n firmar a trav�s dos modalidades:

Firma Electr�nica Avanzada (FEA): cada socio puede firmar desde su computador utilizando un dispositivo electr�nico llamado token (similar a un pendrive), m�s una contrase�a.
Firma a trav�s de notario: si los socios no cuentan con FEA, puede suscribir sus firmas manuscritas ante un notario, quien tendr� que firmar el formulario.
Adem�s, las personas interesadas pueden modificar, transformar, fusionar, dividir, disolver, rectificar y sanear una empresa o sociedad.

El tr�mite se puede realizar durante todo el a�o en el sitio web de Tu Empresa en un D�a.

Personas naturales y jur�dicas.

Actualmente, el portal Tu Empresa en un D�a permite la constituci�n de:

Sociedades de Responsabilidad Limitada (SRL o LTDA).
Empresas Individuales de Responsabilidad Limitada (EIRL).
Sociedades por Acciones (SPA).
Sociedades An�nimas Cerradas (SA).
Sociedades An�nimas de Garant�a Rec�proca (SAGR).";Emprendimiento e innovacion
"Descripci�n
Permite acceder a informaci�n de un conductor sobre sus infracciones graves o grav�simas (seg�n la ley de tr�nsito). El certificado tambi�n incluye las causas pendientes que registre una persona en un juzgado de polic�a local.

Los datos de esta hoja de vida son los consignados en el Registro Nacional de Conductores.

El documento se puede obtener durante todo el a�o.
Si necesita presentar este documento en el extranjero, puede pedirlo apostillado, marcando la opci�n ""S�, apostillar"" y seleccionando el pa�s donde presentar� el certificado.


Todas las personas.";Transporte
"Permite que las personas puedan entregar informaci�n sobre posibles conductas de empresas o mercados que afectan los derechos de todos los consumidores. Estas alertas permitir�n que la instituci�n recopile informaci�n e investigue infracciones a la ley.

El tr�mite se puede realizar durante todo el a�o en el sitio web, oficinas y tel�fono de SERNAC. Tambi�n puede realizar este tr�mite en una oficina municipal que tenga convenio con SERNAC.
Recuerde que una alerta ciudadana no es un reclamo. Si desea presentar un reclamo contra una empresa o proveedor de bienes y servicios para buscar una soluci�n a un problema particular, debe ingresar al portal del consumidor.
Ciudadanos y ciudadanas que hayan experimentado u observado un hecho que en su opini�n haya vulnerado los derechos de los consumidores y que quieran informar al SERNAC de esta acci�n.";Consumidor
"Descripci�n
El Sistema de Evaluaci�n de Impacto Ambiental (SEIA) es un instrumento de gesti�n ambiental destinado a la evaluaci�n y predicci�n de los impactos ambientales que puedan generar los proyectos y actividades que se realizan en el pa�s y que, de acuerdo con la ley, requieran ser evaluados.

Todo proyecto o actividad susceptible de causar impacto ambiental, incluidas sus modificaciones, solo se puede ejecutar o modificar previa evaluaci�n de su impacto ambiental mediante la presentaci�n, seg�n corresponda, de una Declaraci�n de Impacto Ambiental (DIA) o un Estudio de Impacto Ambiental (EIA).

Estudio de Impacto Ambiental (EIA): si el proyecto genera o presenta a lo menos uno de los efectos, caracter�sticas o circunstancias establecidas en el art�culo N� 11 de la Ley sobre las Bases de Medio Ambiente (impactos significativos).
Declaraci�n de Impacto Ambiental (DIA): si el proyecto no genera ni presenta ninguno de los efectos, caracter�sticas o circunstancias establecidas en el art�culo N� 11 de la Ley sobre las Bases de Medio Ambiente.
Someter un proyecto o actividad al SEIA permite acreditar el cumplimiento de la normativa y obtener las autorizaciones ambientales respectivas. En el caso de los EIA, permite adem�s determinar si el proyecto o actividad se hace cargo de los efectos ambientales que genera, mediante la aplicaci�n de medidas de mitigaci�n, reparaci�n y/o compensaci�n adecuadas.

Luego del proceso de evaluaci�n, la Comisi�n de Evaluaci�n de la respectiva regi�n, o el director ejecutivo del Servicio de Evaluaci�n Ambiental (SEA), seg�n corresponda a un proyecto regional o interregional, emite una resoluci�n que califica ambientalmente el proyecto.

El tr�mite se puede realizar durante todo el a�o en el sitio web y en oficinas del SEA. 
Inversionistas, empresarios, municipalidades, servicios p�blicos.
Titulares de los proyectos de inversi�n que son susceptibles de causar impacto ambiental; dichos proyectos se encuentran especificados en el art�culo N� 10 de la Ley de Bases del Medio Ambiente N� 19.300/1994 o en el art�culo N� 3 del Reglamento del SEIA (art�culo N� 2 del D.S. 95/2001).
Titulares de aquellos proyectos que no est�n incorporados en los aludidos listados, pueden someterse voluntariamente a evaluaci�n ambiental.
 Requisitos que se deben cumplir:

El Estudio o la Declaraci�n de Impacto Ambiental debe ser presentado por su respectivo titular, y sus contenidos son de su exclusiva responsabilidad.
La presentaci�n de la DIA o EIA es esencialmente electr�nica y para tales efectos el titular debe contar con Firma Electr�nica Avanzada. Asimismo, debe estar registrado en el Sistema de Evaluaci�n de Impacto Ambiental , ya sea como titular, persona natural, o como representante legal de la persona jur�dica proponente del proyecto o actividad, o su modificaci�n.
El titular debe completar el formulario con los contenidos correspondiente al tipo de presentaci�n del proyecto o actividad, ya sea DIA o EIA. Posteriormente, la DIA o EIA deber� suscribirse con Firma Electr�nica Avanzada la cual tiene validez legal.
En el caso que el titular del proyecto no realice la presentaci�n electr�nica, deber� solicitar expl�citamente a la autoridad que la presentaci�n y la tramitaci�n se lleve a cabo mediante papel. En estos casos, la presentaci�n a trav�s del sistema electr�nico, solo constituye la copia electr�nica de la presentaci�n en papel, siendo esta �ltima la que tiene validez legal. Asimismo, el titular deber� presentar, junto a la DIA o EIA, todas las copias necesarias para la evaluaci�n por parte de los servicios p�blicos competentes y la realizaci�n de la PAC.
Participaci�n Ciudadana (PAC) en el SEIA:

Comprende los derechos a acceder y conocer el expediente f�sico o electr�nico de la evaluaci�n.
Formular observaciones.
Obtener respuesta fundada a ellas.
PAC en la evaluaci�n de una Declaraci�n de Impacto Ambiental (DIA):

Debe ser solicitada por a lo menos dos organizaciones ciudadanas, con personalidad jur�dica vigente, o diez personas naturales afectadas directamente por el proyecto. Esta solicitud debe hacerse en un plazo m�ximo de 10 d�as h�biles a contar de la publicaci�n del listado de DIA que el SEA publica el primer d�a h�bil de cada mes en un medio de comunicaci�n.

La Participaci�n Ciudadana en DIA con cargas ambientales se inicia a partir de la �ltima fecha de notificaci�n a los/as interesados/as (solicitantes de la PAC, titular, entre otros).

El plazo m�ximo para hacer entrega de las observaciones ciudadanas es de 20 d�as h�biles.

PAC en la evaluaci�n de un Estudio de Impacto Ambiental (EIA):

Una vez publicado el extracto (resumen) del EIA, se consideran 60 d�as de plazo m�ximo para hacer entrega de las observaciones ciudadanas.

Las observaciones ciudadanas:

Deben formularse por escrito.
Dentro del plazo.
Contener fundamentos referidos a la evaluaci�n ambiental.
Consideraciones para realizar una observaci�n ciudadana:

Nombre del proyecto.
Identificaci�n de la persona (natural o jur�dica).
Domicilio o correo electr�nico, en caso que la observaci�n sea ingresada por este medio.
Para la admisibilidad de las observaciones de las personas jur�dicas deben ser realizadas por el representante legal.
Procesos de consulta a pueblos ind�genas en el SEIA:

Aplica solo en aquellos proyectos o actividades que se presentan en la modalidad de un EIA, y que generan impactos significativos sobre grupos humanos ind�genas.

Estos impactos se pueden generar en:

Salud de la poblaci�n.
Recursos naturales renovables.
Reasentamiento o alteraci�n significativa de los sistemas de vida y costumbres.
Valor ambiental del territorio.
Valor paisaj�stico y tur�stico.
Patrimonio cultural.";Medioambiente
"Descripci�n
Es un beneficio al cual no se postula y que forma parte del Ingreso �tico Familiar (IEF). Est� destinado a estudiantes menores de 24 a�os, de entre quinto b�sico y cuarto medio, que pertenezcan al 30% de mejor rendimiento acad�mico de su promoci�n.

El beneficio se otorga a estudiantes cuyas familias pertenezcan al 30% m�s vulnerable de la poblaci�n chilena, y se paga en dos tramos:

$75.719: para estudiantes que se encuentren dentro del primer 15% de mejor rendimiento de su promoci�n.
$45.433: para estudiantes que se encuentren dentro del segundo 15% de mejor rendimiento de su promoci�n.
Por ejemplo: si una familia tiene dos integrantes que se encuentran en el primer tramo, y uno que pertenece al segundo, el bono ser� de $196.871 mil pesos, con el siguiente desglose:

$75.719 (primer tramo) + $75.719 (primer tramo) + $45.433 (segundo tramo). Al total se le suman $700 por el subsidio al pago electr�nico (dep�sito bancario). 

El bono es compatible con otras transferencias y subsidios otorgados por el Estado, por lo que el pago podr�a resultar fusionado con las dem�s transferencias del grupo familiar.

Estudiantes de hasta 24 a�os que cumplan todos estos requisitos:

Pertenecer al 30% m�s vulnerable de la poblaci�n, seg�n al Registro Social de Hogares, al 31 de marzo del a�o inmediatamente anterior a aquel en que se pague el Bono. Si la cartola hogar indica que est� dentro del 40%, no implica necesariamente que est� dentro del 30% m�s vulnerable.
Cursar entre 5� b�sico y 4� medio, durante el a�o inmediatamente anterior.
Estar en el 30% de mejor rendimiento acad�mico de su promoci�n o grupo de egreso durante el a�o anterior.
Haber asistido a establecimientos de ense�anza b�sica o media reconocidos por el Ministerio de Educaci�n (Mineduc).
Importante:

La acreditaci�n del rendimiento escolar se realiza de manera interna, a partir de informaci�n enviada por el Ministerio de Educaci�n (Mineduc) al Ministerio de Desarrollo Social y Familia.
El bono se paga a trav�s de BancoEstado.";Bonos
"Tr�mite disponible en linea!
Informaci�n proporcionada por Servicio Nacional de Migraciones
Solicitud de Carta de Nacionalizaci�n
�ltima actualizaci�n: 23 febrero, 2023
Descripci�n
La Carta de Nacionalizaci�n permite a las personas extranjeras, que cumplen con los requisitos legales,
adquirir la nacionalidad chilena.
Obtenga m�s informaci�n.
El tr�mite est� disponible durante todo el a�o a trav�s del portal de tr�mites del Servicio Nacional de
Migraciones.�A qui�n est� dirigido?
Personas extranjeras en general:
Tener 18 a�os al momento de hacer la solicitud, o 14 si cuenta con la autorizaci�n de sus padres, o
de quienes est�n a cargo de su cuidado personal (deber� presentar documento legal que acredite el
cuidado).
Ser titular de Residencia Definitiva vigente.
Tener 5 a�os o m�s de residencia en Chile (este plazo se contar� a partir de la fecha de estampado
de la Residencia Temporal que dio origen a la Residencia Definitiva que mantiene vigente).
Nacionalizaci�n calificada art�culo 85 de la Ley N� 21.325:
Tambi�n podr�n solicitar la nacionalizaci�n las personas con Residencia Definitiva que acrediten 2 a�os de
residencia continuada en Chile, y que tengan alguno de los siguientes v�nculos con el pa�s:
Calidad de c�nyuge de una persona chilena, a lo menos durante 2 a�os y cuyo matrimonio se
encuentre inscrito en Chile, siempre que en el mismo per�odo se cumpla que vivan en un hogar
com�n (art�culo 133 del C�digo Civil).
Los parientes de chilenos o chilenas por consanguineidad, hasta el segundo grado inclusive, y
adoptados o adoptadas por personas chilenas.
Hijo o hija cuyo padre o madre, habiendo sido chileno, haya perdido la nacionalidad chilena con
anterioridad a su nacimiento.
Espa�oles:
Convenio de doble nacionalidad: podr�n optar a este los espa�oles y espa�olas nacidos en el
territorio peninsular, Islas Baleares y Canarias. Para tal efecto, deber� presentar una declaraci�n
jurada notarial en la cual solicita acogerse al convenio de doble nacionalidad entre Chile y Espa�a
.
�Qu� necesito para hacer el tr�mite?
Revise los documentos solicitados seg�n el caso que corresponda.
Para realizar el tr�mite en l�nea, debe tener Clave�nica o estar registrado o registrada en el portal de
tr�mites del Servicio Nacional de Migraciones.
�Cu�l es el costo del tr�mite?
Revise en la tabla de arancel el valor de la carta de nacionalizaci�n.�Qu� vigencia tiene?
Indefinida.
�C�mo y d�nde hago el tr�mite?
En l�nea:
1. Re�na los antecedentes requeridos.
2. Haga clic en �Ir al tr�mite en l�nea�.
3. Una vez en el sitio web de la instituci�n, en la secci�n �Solicitud de carta de nacionalizaci�n�,
seleccione la v�a de ingreso:
Iniciar con Clave�nica: escriba su RUN y Clave�nica, haga clic en �Continuar�. Si no la tiene,
solic�tela.
Inicio de sesi�n: ingrese su correo electr�nico y contrase�a, y pulse en �Ingresar�.
4. Lea la informaci�n, acepte las condiciones, y haga clic en �Siguiente�.
5. Complete los datos personales, de contacto, adjunte los antecedentes requeridos, y haga clic en
�Siguiente� cada vez que el sistema lo solicite.
6. Haga clic en �Enviar solicitud�. Se enviar� un comprobante de la solicitud a su correo electr�nico.
7. Como resultado del tr�mite, habr� solicitado la nacionalizaci�n. De ser aprobada su solicitud,
obtendr� la carta de nacionalizaci�n y se le notificar� al correo electr�nico ingresado al momento de
la postulaci�n.
Link de tr�mite en l�nea:
https://www.chileatiende.gob.cl/fichas/3811-solicitud-de-carta-de-nacionalizacion";Extranjeros en Chile
"Gratuidad en la educaci�n superior

Descripci�n
Permite financiar la matr�cula y el arancel durante el tiempo que dure la carrera al 60% de estudiantes con menores ingresos de la poblaci�n.

El beneficio se otorgar� a los y las estudiantes que cumplan con los requisitos y que se matriculen en una de las instituciones adscritas al proceso de Gratuidad 2023.

�ltima publicaci�n de resultados de asignaci�n inicial, renovantes y apelaci�n: 3 de octubre de 2023.
Postulaci�n proceso 2024: 5 al 26 de octubre de 2023.
Estudiantes que cumplan los siguientes requisitos: 

Provengan de los hogares pertenecientes al 60% de menores ingresos del pa�s.
Se encuentran matriculados en alguna de las instituciones adscritas a la Gratuidad, en alguna carrera de pregrado con modalidad presencial.
No posean grado de licenciatura o t�tulo profesional en una instituci�n nacional o extranjera. 
Quienes tengan un t�tulo t�cnico de nivel superior solo podr�n acceder a la Gratuidad si se matriculan en una carrera conducente a un t�tulo profesional (con o sin licenciatura).
Los y las estudiantes de licenciatura podr�n acceder a la Gratuidad si eligen un programa conducente a un t�tulo de profesor o profesora, pero solo se otorgar� el beneficio por la duraci�n del plan de estudios, el que no puede exceder los cuatro semestres.
Tengan la nacionalidad chilena. Las personas extranjeras deber�n contar con la permanencia definitiva o residencia. En caso de la residencia, el o la estudiante deber� contar adem�s con la ense�anza media completa cursada en Chile.
En caso de estudiantes de cursos superiores, podr�n acogerse al beneficio quienes no hayan excedido la duraci�n formal de la carrera. 

Cr�dito con Garant�a Estatal, CAE (postulaci�n)
Descripci�n
Permite a estudiantes acceder a financiamiento para iniciar o continuar una carrera de pregrado en alguna instituci�n acreditada, que forme parte del Sistema de Cr�dito para Estudios Superiores.

El Cr�dito con Garant�a Estatal se otorga en Unidades de Fomento (UF) con una tasa de inter�s fija del 2%, se asigna para todos los a�os que dure la carrera, incluye el seguro de desgravamen e invalidez (sin costo para el beneficiario) y no requiere un aval familiar, ni existe obligaci�n de pago mientras dure la carrera.

Al momento de comenzar a pagarlo, puede solicitar que las cuotas no superen el 10% de la renta o suspender el cobro si el deudor no tiene trabajo.

Importante: revisa las preguntas frecuentes y obt�n m�s informaci�n sobre:

La postulaci�n al Cr�dito con Garant�a Estatal (CAE).
La renovaci�n del Cr�dito con Garant�a Estatal.
Becas, cr�ditos y otros beneficios para acceder a la educaci�n superior.
El plazo para postular a los Beneficios Estudiantiles del Estado (incluido el Cr�dito CAE), para el A�o Acad�mico 2023, finaliz� el jueves 23 de marzo 2023. Para el 2024, la postulaci�n se realizar� entre octubre y noviembre 2023.
Si solicitaste beneficios estudiantiles del Estado para el a�o acad�mico 2023, ya sea en octubre o noviembre del 2022 o en febrero o marzo del 2023, puedes ver el resultado de tu postulaci�n al Cr�dito con Garant�a Estatal (Cr�dito CAE) en resultado postulaci�n de ingresa.cl.
Si has sido seleccionado o seleccionada con el Cr�dito CAE, tu mensaje personalizado incluir� el procedimiento para que firmes la documentaci�n legal de esta ayuda estudiantil, si es que vas a necesitarla para financiar el arancel de tu carrera.
Revisa el cronograma de la asignaci�n del Cr�dito CAE.
Estudiantes con necesidades de apoyo financiero para iniciar o continuar una carrera en alguna instituci�n acreditada, que forme parte del Sistema de Cr�dito para Estudios Superiores, y que cumplan los siguientes requisitos:

Ser chilenos, o extranjeros con residencia definitiva en el pa�s.
Pertenecer a un grupo familiar con condiciones socioecon�micas que justifiquen el otorgamiento del beneficio.
Matricularse en una carrera de pregrado en una instituci�n de educaci�n superior aut�noma, acreditada y que participe del Sistema de Cr�ditos con Garant�a Estatal.
No haber egresado de una carrera universitaria conducente al grado de licenciado, que haya sido financiada con el Fondo Solidario de Cr�dito Universitario y/o con este mismo cr�dito.
No haber incurrido en deserci�n o eliminaci�n acad�mica, m�s de una vez, como beneficiario del Cr�dito CAE en a�os anteriores.
Acreditar m�rito acad�mico, seg�n lo establecido por ley. Para el A�o Acad�mico 2023, estos requisitos son:
Para alumnos que ingresar�n a primer a�o en 2023:

De acuerdo con el nuevo Reglamento de la Ley N� 20.027, los siguientes son los requisitos acad�micos para postulantes al Cr�dito CAE que ingresar�n a primer a�o en 2023:

En una universidad o escuela matriz de las FF.AA.: un puntaje igual o superior a 485 puntos en el promedio de las pruebas obligatorias (es decir, Competencia Lectora/Comprensi�n Lectora y Competencia Matem�tica 1/Matem�tica), considerando, para estos efectos, el mejor puntaje de cada evaluaci�n, ya sea en la Prueba de Acceso a la Educaci�n Superior (PAES) rendida en noviembre 2022; en la Prueba de Transici�n (PDT) de Invierno, rendida en julio 2022; o bien, en la PDT de 2021.
Los estudiantes ciegos; quienes hayan cursado los dos �ltimos a�os de escolaridad en el extranjero o quienes hayan obtenido la Beca Excelencia Acad�mica, quedar�n eximidos de este requisito y, en consecuencia, podr�n financiar una carrera universitaria desde primer a�o, con el Cr�dito CAE, siempre que acrediten un promedio de notas de ense�anza media (NEM) igual o superior a 5,29.
En un centro de formaci�n t�cnica o instituto profesional: un promedio de notas de ense�anza media (NEM) igual o superior a 5,29, o bien, un puntaje igual o superior a 485 puntos en el promedio de las pruebas obligatorias (es decir, Competencia Lectora/Comprensi�n Lectora y Competencia Matem�tica 1/Matem�tica), considerando, para estos efectos, el mejor puntaje de cada evaluaci�n, ya sea en la Prueba de Acceso a la Educaci�n Superior (PAES) rendida en noviembre 2022; en la Prueba de Transici�n (PDT) de Invierno, rendida en julio 2022; o bien, en la PDT de 2021.
Para alumnos y alumnas que ya est�n en la educaci�n superior:

Acreditar la aprobaci�n del 70% del total de cr�ditos o cursos inscritos en los �ltimos dos semestres cursados y concluidos (o a�o, en el caso de carreras anuales).

Si al momento de la postulaci�n, el o la estudiante ha cursado y concluido solo un semestre en su instituci�n, ese porcentaje se calcular� respecto del total de cursos o cr�ditos inscritos en dicho semestre.

Importante:

A los alumnos y alumnas que tengan la beca de excelencia acad�mica no se les exigir� el requisito de la Prueba de Transici�n, para cursar una carrera universitaria desde primer a�o. Tampoco ser� exigible a estudiantes con discapacidad visual y a los que cursaron a lo menos los �ltimos dos a�os de ense�anza media en el extranjero. En cualquiera de esos, los postulantes s� deber�n acreditar un promedio m�nimo de 5,29 en la educaci�n media.
Para aceptar alumnos con este cr�dito, las instituciones de educaci�n superior pueden exigir requisitos adicionales a los requeridos como m�nimos por ley (postulantes de ingreso a primer a�o, y postulantes que ya cursan carrera).";Becas y cr�ditos
"Certificado de acreditaci�n de la calidad ind�gena
Descripci�n
Permite obtener una o m�s copias del documento, emitido por la Corporaci�n Nacional de Desarrollo Ind�gena (CONADI), que acredita que una persona, comunidad o asociaci�n pertenece a una de los 10 pueblos originarios reconocidos legalmente en Chile: mapuche, aymara, rapa nui, atacame�a, quechua, colla, diaguita, kawashkar, yag�n y chango.

Para obtener una copia del certificado, la persona debe haber realizado previamente la acreditaci�n de la calidad ind�gena.
El tr�mite se puede realizar durante todo el a�o.
Todas las personas que tienen acreditada su calidad ind�gena.";Pueblos originarios
"Certificado de alumno regular

Descripci�n
Permite acceder a una constancia escrita que extiende cada establecimiento educacional, con el objetivo de acreditar ante entidades p�blicas y privadas que un alumno o alumna se encuentra matriculado en una determinada instituci�n escolar.

Estos certificados son emitidos a solicitud de las siguientes personas: padre, madre, tutor, tutora, o representante legal de los y las estudiantes menores de edad. 

Revise c�mo obtener los certificados de notas o licencias de ense�anza media.

El tr�mite se puede realizar durante todo el a�o.
Estudiantes matriculados en alguna instituci�n escolar reconocida oficialmente por el Mineduc.";Educaci�n
"Visita al Museo Interactivo Mirador (MIM)
Descripci�n
El Museo Interactivo Mirador (MIM) es un espacio educativo, interactivo y l�dico, que invita a sus visitantes a vivir una experiencia personal y especial con la ciencia, el arte y la tecnolog�a, mediante el asombro. 

Cuenta con m�s de 350 m�dulos interactivos (repartidos en 14 salas tem�ticas), el edificio T�nel Universo, dedicado a la Astronom�a, y diversos talleres y actividades complementarias. Adem�s, posee un parque de 12 hect�reas con atracciones interactivas y �reas verdes. 

Los profesores y profesoras pueden ingresar gratuitamente al MIM durante todo el a�o (no solo cuando hacen una visita pedag�gica) acreditando su t�tulo profesional. El beneficio tambi�n aplica a los adultos mayores, menores de dos a�os, personas en situaci�n de discapacidad (m�s un o una acompa�ante), quienes deben reservar su ticket en l�nea y presentar la documentaci�n requerida el d�a de su vista. 

Tambi�n existe gratuidad para los vecinos y vecinas de la comuna de La Granja, quienes deben completar el formulario �reserva de delegaciones�, y adjuntar su comprobante de domicilio.

Importante:

Conozca los horarios del MIM.
Para m�s informaci�n escriba al correo electr�nico: contacto@mim.cl, o siga las redes sociales y canales del MIM:
Instagram: @mim.museo.
Tik Tok: @mim.museo.
Facebook: @MIM.museo.
Youtube: /mim-museo.
Twitter: MIM_museo.
Revisa las actividades, talleres y demostraciones programadas para las vacaciones de invierno (1 al 16 de julio de 2023).
Asegura tu entrada y compra online. Las boleter�as tienen un stock m�nimo de entradas por d�a.
Todas las personas.

Importante: los menores de 14 a�os solo pueden ingresar en compa��a de un adulto de 18 a�os o m�s.

Alimentaci�n:

Foodtrucks en el parque con distintos servicios de alimentaci�n.
Otros servicios:

Estacionamientos gratuitos (entrada solo por calle Punta Arenas 6711, La Granja).
Sala de primeros auxilios.";Cultura
